Workbook

Sheet Plan de Pruebas
B2: PLAN DE PRUEBAS — FUNCIONALES Y/O SISTEMA
B3: Plantilla según estándar IEEE 829 / ISO/IEC 29119
B5: INFORMACIÓN DEL PROYECTO
B6: Proyecto / Sistema: | D6: Happy Jump (app móvil + API REST)
B7: Versión / Release: | D7: 1.0.0 / entrega final
B8: Módulo bajo prueba: | D8: Login, Cancha, Salones, Reportes, Perfil
B9: Responsable QA: | D9: Equipo Happy Jump
B10: Fecha inicio: | D10: 2026-06-02
B11: Fecha fin planif. | D11: 2026-06-02
B12: Entorno de prueba: | D12: Android físico/emulador; API Node :3000; MySQL (Laragon)
B13: Herramientas: | D13: Postman, Allure, Jenkins, k6, SonarCloud, Snyk, Excel
B15: RESUMEN DE RESULTADOS
B16: Métrica | C16: Total | D16: Ejecutados | E16: Pasados | F16: Fallidos | G16: Bloqueados | H16: Omitidos | I16: % Avance | J16: % Éxito
C17: =COUNTA('Casos de Prueba'!A4:A500) | D17: =COUNTIF('Casos de Prueba'!L4:L500,"PASS")+COUNTIF('Casos de Prueba'!L4:L500,"FAIL")+COUNTIF('Casos de Prueba'!L4:L500,"BLOQUEADO") | E17: =COUNTIF('Casos de Prueba'!L4:L500,"PASS") | F17: =COUNTIF('Casos de Prueba'!L4:L500,"FAIL") | G17: =COUNTIF('Casos de Prueba'!L4:L500,"BLOQUEADO") | H17: =COUNTIF('Casos de Prueba'!L4:L500,"OMITIDO") | I17: =IFERROR(C17/B17,"—") | J17: =IFERROR(D17/C17,"—")
B19: LEYENDA DE ESTADOS
B20: PASS | C20: El caso de prueba fue ejecutado y el resultado es el esperado.
B21: FAIL | C21: El caso fue ejecutado y el resultado NO coincide con lo esperado. Se genera defecto.
B22: BLOQUEADO | C22: No puede ejecutarse porque otro defecto o dependencia lo impide.
B23: PENDIENTE | C23: Aún no ha sido ejecutado en este ciclo de pruebas.
B24: OMITIDO | C24: Se decidió no ejecutar en este ciclo (descartado o diferido).

Sheet Casos de Prueba
A1: CASOS DE PRUEBA — HAPPY JUMP (Funcionales y Sistema)
A2: Complete cada campo. El campo 'Resultado' activa el formato condicional automáticamente.
A3: ID | B3: Módulo | C3: Nombre del Caso | D3: Tipo | E3: Prioridad | F3: Precondiciones | G3: Datos de Entrada | H3: Pasos de Ejecución | I3: Resultado Esperado | J3: Resultado Obtenido | K3: Evidencia | L3: Resultado | M3: Defecto ID | N3: Ejecutado por | O3: Fecha Ejecución | P3: Observaciones
A4: CP-001 | B4: Login | C4: Login trabajador valido | D4: Funcional | E4: Alta | F4: API y MySQL activos; usuario trabajador existe. | G4: Usuario: Rosisela PIN: 1234 | H4: 1. 2. Abrir app 2) 3. Ingresar nombre y PIN 3) 4. Entrar) | I4: Acceso a pantalla principal sin error. | K4: evidencias-pruebas/CP-001-login-trabajador.png | L4: PENDIENTE | P4: Ejecutar en celular + API activa
A5: CP-002 | B5: Login | C5: Login admin valido | D5: Funcional | E5: Alta | F5: Usuario administrador existe. | G5: Usuario: Admin PIN: 1234 | H5: 1. 2. Ingresar credenciales admin 2) 3. Entrar) | I5: Se muestran funciones de administrador. | K5: evidencias-pruebas/CP-002-login-admin.png | L5: PENDIENTE | P5: Ejecutar en celular + API activa
A6: CP-003 | B6: Login | C6: Credenciales incorrectas | D6: Funcional | E6: Alta | F6: API activa. | G6: Usuario: Admin PIN: 9999 (incorrecto) | H6: 1. 2. Nombre o PIN incorrectos 2) 3. Entrar) | I6: Mensaje de error claro; no ingresa. | L6: PENDIENTE | P6: Ejecutar en celular + API activa
A7: CP-004 | B7: Login | C7: PIN vacio o incompleto | D7: Funcional | E7: Media | F7: App en login. | G7: PIN: vacío o menos de 4 dígitos | H7: 1. 2. Dejar PIN incompleto 2) 3. Entrar) | I7: Validacion en UI o error controlado. | L7: PENDIENTE | P7: Ejecutar en celular + API activa
A8: CP-005 | B8: Auth | C8: Sesion duplicada (si aplica) | D8: Integracion | E8: Media | F8: Mismo usuario ya logueo en otro dispositivo. | G8: Mismo usuario logueado en otro dispositivo | H8: 1. 2. Login en segundo dispositivo) | I8: Mensaje de conflicto segun API. | L8: PENDIENTE | P8: Ejecutar en celular + API activa
A9: CP-006 | B9: Config | C9: Health API | D9: Integracion | E9: Alta | F9: PC y celular misma red o adb reverse. | G9: URL: http://IP_PC:3000/health | H9: 1. 2. Navegador http://IP:3000/health) | I9: JSON ok true. | K9: evidencias-pruebas/CP-006-health.png | L9: PENDIENTE | P9: Ejecutar en celular + API activa
A10: CP-007 | B10: Cancha | C10: Listar reservas dia | D10: Funcional | E10: Alta | F10: Usuario logueado; datos de prueba. | G10: Fecha: día con reservas de prueba | H10: 1. 2. Ir a Cancha 2) 3. Seleccionar fecha) | I10: Lista coherente con API. | K10: evidencias-pruebas/CP-007-lista-cancha.png | L10: PENDIENTE | P10: Ejecutar en celular + API activa
A11: CP-008 | B11: Cancha | C11: Crear reserva valida | D11: Funcional | E11: Alta | F11: Cancha disponible en franja. | G11: Cliente, deporte Futbol/Voley, fecha futura, hora libre, montos | H11: 1. 2. Nuevo 2) 3. Completar datos 3) 4. Guardar) | I11: Reserva creada y visible. | K11: evidencias-pruebas/CP-008-crear-reserva.png | L11: PENDIENTE | P11: Ejecutar en celular + API activa
A12: CP-009 | B12: Cancha | C12: Fecha u hora pasada | D12: Funcional | E12: Media | F12: Regla servidor activa. | G12: Fecha u hora en el pasado | H12: 1. 2. Intentar reserva en pasado) | I12: Error o bloqueo segun implementacion. | L12: PENDIENTE | P12: Ejecutar en celular + API activa
A13: CP-010 | B13: Salones | C13: Listar reservas | D13: Funcional | E13: Alta | F13: Salones con datos. | G13: Filtro opcional por salón | H13: 1. 2. Abrir Salones 2) 3. Revisar lista) | I13: Datos acordes a API. | L13: PENDIENTE | P13: Ejecutar en celular + API activa
A14: CP-011 | B14: Salones | C14: Crear reserva valida | D14: Funcional | E14: Alta | F14: Horario libre. | G14: Salón, horario libre, tipo evento, precio | H14: 1. 2. Nuevo 2) 3. Datos completos 3) 4. Guardar) | I14: Reserva creada. | L14: PENDIENTE | P14: Ejecutar en celular + API activa
A15: CP-012 | B15: Reportes | C15: Generar reporte periodo | D15: Funcional | E15: Media | F15: Hay datos. | G15: Periodo: diario / semanal / mensual | H15: 1. 2. Elegir periodo 2) 3. Consultar) | I15: Valores mostrados sin crash. | L15: PENDIENTE | P15: Ejecutar en celular + API activa
A16: CP-013 | B16: Perfil | C16: Cambiar PIN | D16: Funcional | E16: Media | F16: Usuario logueado. | G16: PIN actual y PIN nuevo (mín. 4 dígitos) | H16: 1. 2. Perfil 2) 3. Cambiar PIN 3) 4. Confirmar) | I16: Nuevo PIN aceptado o mensaje error. | L16: PENDIENTE | P16: Ejecutar en celular + API activa
A17: CP-014 | B17: Regresion | C17: Smoke post-cambio | D17: Regresion | E17: Media | F17: Codigo actualizado. | G17: Build actual desplegado | H17: 1. 2. Login 2) 3. Cancha 3) 4. Salones) | I17: Flujos basicos OK. | L17: PENDIENTE | P17: Ejecutar en celular + API activa
A18: CP-015 | B18: Cancha | C18: Calendario colores por dia | D18: Funcional | E18: Alta | F18: Usuario logueado; API con reservas en el mes. | G18: Mes con reservas en distintos días | H18: 1. 2. Ir a Cancha 2) 3. Tocar icono calendario 3) 4. Revisar leyenda y celdas) | I18: Se muestran verde libre amarillo parcial rojo lleno gris pasado; sin mensaje de error de parseo de fecha. | K18: evidencias-pruebas/CP-015-calendario.png | L18: PENDIENTE | P18: Ejecutar en celular + API activa
A19: CP-016 | B19: Cancha | C19: Calendario cambiar mes con flechas | D19: Funcional | E19: Media | F19: Dialogo de calendario abierto. | G19: Calendario mensual abierto | H19: 1. 2. Pulsar flecha mes anterior 2) 3. Pulsar flecha mes siguiente) | I19: Cambia el titulo del mes y se recargan colores por dia sin fallo. | L19: PENDIENTE | P19: Ejecutar en celular + API activa
A20: CP-017 | B20: Cancha | C20: Barra semana flechas anterior/siguiente | D20: Funcional | E20: Media | F20: En pantalla Cancha. | G20: Barra de semana visible | H20: 1. 2. Pulsar flecha semana atras en la barra verde 2) 3. Pulsar flecha semana adelante) | I20: La fila de siete dias y la fecha activa avanzan o retroceden una semana correctamente. | L20: PENDIENTE | P20: Ejecutar en celular + API activa
A21: CP-018 | B21: Cancha | C21: Turno largo una sola fila en lista | D21: Funcional | E21: Alta | F21: Reserva hecha con Otra hora en varias franjas contiguas mismo cliente. | G21: Reserva multi-franja mismo cliente | H21: 1. 2. Abrir el dia de la reserva 2) 3. Revisar lista de horarios) | I21: Aparece una sola tarjeta con hora inicio-fin total y texto de un solo turno; no varias tarjetas duplicadas por cada media hora. | L21: PENDIENTE | P21: Ejecutar en celular + API activa
A22: CP-019 | B22: Cancha | C22: Detalle turno largo totales y cancelar grupo | D22: Funcional | E22: Media | F22: Existe turno largo en el dia. | G22: Turno largo existente + motivo cancelación | H22: 1. 2. Abrir detalle del turno 2) 3. Revisar totales 3) 4. Cancelar con motivo valido) | I22: Muestra montos acumulados; cancelacion aplica a todas las franjas del grupo segun implementacion. | L22: PENDIENTE | P22: Ejecutar en celular + API activa
A23: CP-020 | B23: Cancha | C23: Otra hora inicio poco despues de ahora | D23: Funcional | E23: Alta | F23: Hoy; servidor en hora local correcta. | G23: Hora inicio pocos minutos después de ahora | H23: 1. 2. Otra hora 2) 3. Inicio unos minutos despues de la hora actual 3) 4. Fin coherente 4) 5. Guardar) | I23: Reserva guardada sin rechazar por tramos intermedios del mismo turno. | L23: PENDIENTE | P23: Ejecutar en celular + API activa
A24: CP-021 | B24: Cancha | C24: Duracion y hora fin con media hora final | D24: Funcional | E24: Alta | F24: API GET reservas incluye duracion_minutos. | G24: Rango ej. 17:00 a 18:30 | H24: 1. 2. Crear rango ej. 17:00 a 18:30 2) 3. Ver lista o detalle) | I24: Se muestra duracion 1 h 30 min y fin 18:30; no 2 h ni fin 19:00 por error de duracion. | L24: PENDIENTE | P24: Ejecutar en celular + API activa
A25: CP-022 | B25: Cancha | C25: Volver a fecha de hoy | D25: Funcional | E25: Baja | F25: Otro dia seleccionado en Cancha. | G25: Fecha distinta a hoy seleccionada | H25: 1. 2. Pulsar boton Ir a hoy) | I25: La fecha seleccionada es hoy y la lista de horarios corresponde a hoy. | L25: PENDIENTE | P25: Ejecutar en celular + API activa

Sheet Defectos
A1: REPORTE DE DEFECTOS
A2: Registre cada defecto encontrado durante la ejecución de pruebas.
A3: ID Defecto | B3: TC Relacionado | C3: Módulo | D3: Título | E3: Descripción | F3: Pasos para Reproducir | G3: Resultado Obtenido | H3: Resultado Esperado | I3: Severidad | J3: Prioridad | K3: Estado | L3: Asignado a | M3: Fecha Reporte | N3: Fecha Cierre | O3: Observaciones

Sheet Métricas
B2: DASHBOARD DE MÉTRICAS — CICLO DE PRUEBAS
B4: Total de Casos | D4: Ejecutados | F4: PASS ✅ | H4: FAIL ❌ | J4: BLOQUEADOS ⚠️
B5: =COUNTA('Casos de Prueba'!A4:A500) | D5: =COUNTIF('Casos de Prueba'!L4:L500,"PASS")+COUNTIF('Casos de Prueba'!L4:L500,"FAIL")+COUNTIF('Casos de Prueba'!L4:L500,"BLOQUEADO") | F5: =COUNTIF('Casos de Prueba'!L4:L500,"PASS") | H5: =COUNTIF('Casos de Prueba'!L4:L500,"FAIL") | J5: =COUNTIF('Casos de Prueba'!L4:L500,"BLOQUEADO")
D6: Happy Jump - ciclo entrega final
D7: 2026-06-02
B8: RESUMEN POR MÓDULO
B9: Módulo | C9: Total | D9: PASS | E9: FAIL | F9: BLOQUEADO | G9: PENDIENTE | H9: % Éxito
B10: Login | C10: =COUNTIF('Casos de Prueba'!B4:B500,"Login") | D10: =COUNTIFS('Casos de Prueba'!B4:B500,"Login",'Casos de Prueba'!L4:L500,"FAIL") | E10: =COUNTIFS('Casos de Prueba'!B4:B500,"Login",'Casos de Prueba'!L4:L500,"BLOQUEADO") | F10: =COUNTIFS('Casos de Prueba'!B4:B500,"Login",'Casos de Prueba'!L4:L500,"PENDIENTE") | H10: =IFERROR(COUNTIFS('Casos de Prueba'!B4:B500,"Login",'Casos de Prueba'!L4:L500,"PASS")/COUNTIF('Casos de Prueba'!B4:B500,"Login"),"—")
B11: Inventario | C11: =COUNTIF('Casos de Prueba'!B4:B500,"Inventario") | D11: =COUNTIFS('Casos de Prueba'!B4:B500,"Inventario",'Casos de Prueba'!L4:L500,"FAIL") | E11: =COUNTIFS('Casos de Prueba'!B4:B500,"Inventario",'Casos de Prueba'!L4:L500,"BLOQUEADO") | F11: =COUNTIFS('Casos de Prueba'!B4:B500,"Inventario",'Casos de Prueba'!L4:L500,"PENDIENTE") | H11: =IFERROR(COUNTIFS('Casos de Prueba'!B4:B500,"Inventario",'Casos de Prueba'!L4:L500,"PASS")/COUNTIF('Casos de Prueba'!B4:B500,"Inventario"),"—")
B12: Carrito | C12: =COUNTIF('Casos de Prueba'!B4:B500,"Carrito") | D12: =COUNTIFS('Casos de Prueba'!B4:B500,"Carrito",'Casos de Prueba'!L4:L500,"FAIL") | E12: =COUNTIFS('Casos de Prueba'!B4:B500,"Carrito",'Casos de Prueba'!L4:L500,"BLOQUEADO") | F12: =COUNTIFS('Casos de Prueba'!B4:B500,"Carrito",'Casos de Prueba'!L4:L500,"PENDIENTE") | H12: =IFERROR(COUNTIFS('Casos de Prueba'!B4:B500,"Carrito",'Casos de Prueba'!L4:L500,"PASS")/COUNTIF('Casos de Prueba'!B4:B500,"Carrito"),"—")
B13: Orden de compra | C13: =COUNTIF('Casos de Prueba'!B4:B500,"Checkout") | D13: =COUNTIFS('Casos de Prueba'!B4:B500,"Checkout",'Casos de Prueba'!L4:L500,"FAIL") | E13: =COUNTIFS('Casos de Prueba'!B4:B500,"Checkout",'Casos de Prueba'!L4:L500,"BLOQUEADO") | F13: =COUNTIFS('Casos de Prueba'!B4:B500,"Checkout",'Casos de Prueba'!L4:L500,"PENDIENTE") | H13: =IFERROR(COUNTIFS('Casos de Prueba'!B4:B500,"Checkout",'Casos de Prueba'!L4:L500,"PASS")/COUNTIF('Casos de Prueba'!B4:B500,"Checkout"),"—")
B14: Sistema | C14: =COUNTIF('Casos de Prueba'!B4:B500,"Sistema") | D14: =COUNTIFS('Casos de Prueba'!B4:B500,"Sistema",'Casos de Prueba'!L4:L500,"FAIL") | E14: =COUNTIFS('Casos de Prueba'!B4:B500,"Sistema",'Casos de Prueba'!L4:L500,"BLOQUEADO") | F14: =COUNTIFS('Casos de Prueba'!B4:B500,"Sistema",'Casos de Prueba'!L4:L500,"PENDIENTE") | H14: =IFERROR(COUNTIFS('Casos de Prueba'!B4:B500,"Sistema",'Casos de Prueba'!L4:L500,"PASS")/COUNTIF('Casos de Prueba'!B4:B500,"Sistema"),"—")
B16: DEFECTOS POR SEVERIDAD
B17: Severidad | C17: Total | D17: Nuevos | E17: En Corrección | F17: Cerrados
B18: Crítica | C18: =COUNTIF(Defectos!I4:I500,"Crítica") | D18: =COUNTIFS(Defectos!I4:I500,"Crítica",Defectos!K4:K500,"Nuevo") | E18: =COUNTIFS(Defectos!I4:I500,"Crítica",Defectos!K4:K500,"En Corrección") | F18: =COUNTIFS(Defectos!I4:I500,"Crítica",Defectos!K4:K500,"Cerrado")
B19: Alta | C19: =COUNTIF(Defectos!I4:I500,"Alta") | D19: =COUNTIFS(Defectos!I4:I500,"Alta",Defectos!K4:K500,"Nuevo") | E19: =COUNTIFS(Defectos!I4:I500,"Alta",Defectos!K4:K500,"En Corrección") | F19: =COUNTIFS(Defectos!I4:I500,"Alta",Defectos!K4:K500,"Cerrado")
B20: Media | C20: =COUNTIF(Defectos!I4:I500,"Media") | D20: =COUNTIFS(Defectos!I4:I500,"Media",Defectos!K4:K500,"Nuevo") | E20: =COUNTIFS(Defectos!I4:I500,"Media",Defectos!K4:K500,"En Corrección") | F20: =COUNTIFS(Defectos!I4:I500,"Media",Defectos!K4:K500,"Cerrado")
B21: Baja | C21: =COUNTIF(Defectos!I4:I500,"Baja") | D21: =COUNTIFS(Defectos!I4:I500,"Baja",Defectos!K4:K500,"Nuevo") | E21: =COUNTIFS(Defectos!I4:I500,"Baja",Defectos!K4:K500,"En Corrección") | F21: =COUNTIFS(Defectos!I4:I500,"Baja",Defectos!K4:K500,"Cerrado")

Sheet Guía de Uso
B2: GUÍA DE USO — PLANTILLA DE PRUEBAS
B4: 1. ESTÁNDAR APLICADO
B5: Esta plantilla sigue el estándar IEEE 829 (Test Documentation) y prácticas de ISO/IEC 29119.
B6: Usada en la industria por equipos QA en empresas como Google, Microsoft, Amazon e IBM.
B7: Compatible con herramientas como Jira, TestRail, Zephyr y Azure DevOps.
B9: 2. PROCESO DE PRUEBA — CÓMO USARLA
B10: PASO 1 — PLANIFICACIÓN: Complete la hoja 'Plan de Pruebas' con la información del proyecto.
B11: PASO 2 — DISEÑO: En 'Casos de Prueba' documente cada caso con ID único, precondiciones, pasos y resultado esperado.
B12: PASO 3 — EJECUCIÓN: Para cada caso ejecutado, registre el resultado obtenido y seleccione el estado del dropdown.
B13: PASO 4 — DEFECTOS: Cuando un caso resulta FAIL, cree un registro en 'Defectos' con el ID del bug.
B14: PASO 5 — REPORTE: La hoja 'Métricas' se actualiza automáticamente con los resultados.
B16: 3. CONVENCIÓN DE IDs
... B42: → Todos los defectos reportados han sido evaluados (no necesariamente cerrados).
